Row,i,lambda_i,theta_i
0,0,1.000000,2.000000
1,1,0.000000,0.000000
2,2,-1.000000,0.000000
END
